title,url,inserted_at,wikidata_id,description
Lights out (manufacturing),http://en.m.wikipedia.org/wiki/Lights_out_(manufacturing),2015-03-18 13:18:45,Q3063795,
Veblen good,http://en.m.wikipedia.org/wiki/Veblen_good,2015-03-12 11:52:52,Q1074135,
Albatross (metaphor),https://en.m.wikipedia.org/wiki/Albatross_(metaphor),2018-11-14 15:03:17,Q4709452,Metaphor
Alfred Korzybski,https://en.m.wikipedia.org/wiki/Alfred_Korzybski,2017-07-06 20:01:44,Q333402,
Astroturfing,https://en.m.wikipedia.org/wiki/Astroturfing,2017-02-12 08:28:34,Q752177,"Marketing tactic of creating ""grassroots"" organizations"
Japanese Peruvians,https://en.m.wikipedia.org/wiki/Japanese_Peruvians#The_Nikkei_cuisine,2020-01-25 19:23:39,Q3274441,
At-will employment,https://en.m.wikipedia.org/wiki/At-will_employment,2019-02-23 16:45:56,Q4812279,
Attention economy,https://en.m.wikipedia.org/wiki/Attention_economy,2017-06-26 14:53:08,Q295287,economic view of human attention as a commodity
Autodidacticism,https://en.m.wikipedia.org/wiki/Autodidacticism,2018-07-21 01:05:42,Q207650,Independent education without the guidance of masters
Battered person syndrome,https://en.m.wikipedia.org/wiki/Battered_person_syndrome,2017-06-16 14:06:31,Q2911296,
Betel nut beauty,https://en.m.wikipedia.org/wiki/Betel_nut_beauty,2018-08-02 11:27:45,Q713184,
Blue Moon (beer),https://en.m.wikipedia.org/wiki/Blue_Moon_(beer),2018-08-01 06:49:18,Q8248915,
Bright-line rule,https://en.m.wikipedia.org/wiki/Bright-line_rule,2017-06-12 07:04:51,Q4967356,Judicial test using clearly defined and objective factors
Burden of proof (law),https://en.m.wikipedia.org/wiki/Burden_of_proof_(law),2018-05-16 10:25:23,Q9012745,
Café de olla,https://en.m.wikipedia.org/wiki/Caf%C3%A9_de_olla,2019-02-24 17:49:39,Q5739217,Mexican coffee drink
Cargo cult programming,https://en.m.wikipedia.org/wiki/Cargo_cult_programming,2019-03-26 07:23:32,Q1027351,Ritual inclusion of computer code that serve no purpose
Clever Hans,https://en.m.wikipedia.org/wiki/Clever_Hans,2017-02-25 11:40:54,Q1127291,Early 20th-century horse claimed to have been able to do mathematics
Codependency,https://en.m.wikipedia.org/wiki/Codependency,2016-06-05 14:51:10,Q21109,
Compulsion loop,https://en.m.wikipedia.org/wiki/Compulsion_loop,2019-07-16 01:53:15,Q30686626,
Conscientiousness,https://en.m.wikipedia.org/wiki/Conscientiousness,2018-11-13 19:43:01,Q1307067,Personality trait of being orderly and following the rules
Contrast effect,https://en.m.wikipedia.org/wiki/Contrast_effect,2017-08-29 23:49:43,Q166253,
Cumbia,https://en.m.wikipedia.org/wiki/Cumbia,2019-03-08 19:22:02,Q723418,Folkloric genre and dance from Colombia.
Cynefin framework,https://en.m.wikipedia.org/wiki/Cynefin_framework,2016-11-27 23:17:09,Q1147954,
Decoy effect,https://en.m.wikipedia.org/wiki/Decoy_effect,2019-01-05 05:39:09,Q205154,Phenomenon in marketing
Double bind,https://en.m.wikipedia.org/wiki/Double_bind,2018-12-18 20:14:19,Q1242876,Psychological dilemma
Dream pop,https://en.m.wikipedia.org/wiki/Dream_pop,2017-06-28 18:13:18,Q592330,
Dutch auction,https://en.m.wikipedia.org/wiki/Dutch_auction,2018-01-21 08:59:58,Q727746,"Type of auction which begins with a high asking price, and lowers it."
End-of-history illusion,https://en.m.wikipedia.org/wiki/End-of-history_illusion,2017-05-24 22:10:33,Q5375767,
Exceptionalism,https://en.m.wikipedia.org/wiki/Exceptionalism,2016-10-16 10:30:48,Q1076085,"belief that a species, country, society, institution, movement, individual, or time period is ""exceptional"
Extended file attributes,https://en.m.wikipedia.org/wiki/Extended_file_attributes,2018-07-01 01:59:35,Q2085509,
Externality,https://en.m.wikipedia.org/wiki/Externality,2017-06-19 07:54:31,Q275372,
False consensus effect,https://en.m.wikipedia.org/wiki/False_consensus_effect,2017-05-04 10:20:14,Q908850,Attributional type of cognitive bias
Falsifiability,https://en.m.wikipedia.org/wiki/Falsifiability,2018-01-24 21:10:08,Q220888,Possibility of a statement to be proven wrong by observation
Faust,https://en.m.wikipedia.org/wiki/Faust,2018-07-23 09:30:42,Q332885,Protagonist of a classic German legend
Fermat's principle,https://en.m.wikipedia.org/wiki/Fermat's_principle,2018-11-09 00:56:57,Q331041,Principle of least time
Florida Man,https://en.m.wikipedia.org/wiki/Florida_Man,2019-07-16 19:51:38,Q19879826,Internet meme about weird conduct by men from Florida
GQM,https://en.m.wikipedia.org/wiki/GQM,2017-07-17 17:18:52,Q1533422,
Hedonic treadmill,https://en.m.wikipedia.org/wiki/Hedonic_treadmill,2016-12-04 11:46:43,Q5697619,Psychological concept
Heuristic,https://en.m.wikipedia.org/wiki/Heuristic,2017-05-29 07:26:36,Q201413,
History of Chinese Americans,https://en.m.wikipedia.org/wiki/History_of_Chinese_Americans,2020-04-04 23:21:22,Q1516704,History of ethnic Chinese in the United States
Homomorphic encryption,https://en.m.wikipedia.org/wiki/Homomorphic_encryption,2018-07-30 16:34:22,Q2154943,A form of encryption that allows computation on ciphertexts
Hypocrisy,https://en.m.wikipedia.org/wiki/Hypocrisy,2016-06-02 13:37:55,Q201650,
Impact bias,https://en.m.wikipedia.org/wiki/Impact_bias,2019-12-30 16:51:49,Q6005882,
Inflection point,https://en.m.wikipedia.org/wiki/Inflection_point,2018-06-11 07:48:19,Q212794,Point where a curve crosses its tangent and the curvature changes of sign
Information hiding,https://en.m.wikipedia.org/wiki/Information_hiding,2018-07-17 10:14:44,Q15912075,
Ipso facto,https://en.m.wikipedia.org/wiki/Ipso_facto,2020-04-13 04:45:25,Q138653,
Jean-Michel Jarre,https://en.m.wikipedia.org/wiki/Jean-Michel_Jarre,2019-07-23 04:04:21,Q104326,
Kayfabe,https://en.m.wikipedia.org/wiki/Kayfabe,2019-01-23 04:02:22,Q387294,"In professional wrestling, the portrayal of staged events as if they were true"
Law of triviality,https://en.wikipedia.org/wiki/Law_of_triviality,2017-05-08 04:15:15,Q169899,Focusing on what is irrelevant but easy to understand
Anchoring,https://en.m.wikipedia.org/wiki/Anchoring,2016-06-05 07:08:06,Q557151,
Karōshi,https://en.m.wikipedia.org/wiki/Kar%C5%8Dshi,2016-12-04 11:53:25,Q1051107,
Chauvet Cave,http://en.m.wikipedia.org/wiki/Chauvet_Cave,2015-05-22 13:05:22,Q374096,Cave in France with best-preserved cave paintings
Linguistic relativity,https://en.m.wikipedia.org/wiki/Linguistic_relativity,2018-01-26 22:42:27,Q179677,linguistic hypothesis
Management by objectives,https://en.m.wikipedia.org/wiki/Management_by_objectives,2018-11-17 17:48:27,Q1045631,
Meno's slave,https://en.m.wikipedia.org/wiki/Meno%27s_slave,2017-06-12 06:21:43,Q10274722,
Menudo (soup),https://en.m.wikipedia.org/wiki/Menudo_(soup),2019-06-25 17:05:09,Q6817675,
Meritocracy,https://en.m.wikipedia.org/wiki/Meritocracy,2018-05-16 00:11:48,Q178079,
Merkle tree,https://en.m.wikipedia.org/wiki/Merkle_tree,2018-07-28 00:49:14,Q14746,
Nothing to hide argument,https://en.m.wikipedia.org/wiki/Nothing_to_hide_argument,2019-02-26 18:28:04,Q15627872,Argument that one doesn't need privacy unless someone is doing something wrong
Ontology,https://en.m.wikipedia.org/wiki/Ontology,2016-11-06 09:59:48,Q44325,"Study of the nature of being, becoming, existence or reality, as well as the basic categories of being and their relations"
Open-source intelligence,https://en.m.wikipedia.org/wiki/Open-source_intelligence,2016-10-21 22:07:04,Q1059178,
Overton window,https://en.m.wikipedia.org/wiki/Overton_window,2018-09-24 22:10:28,Q542950,Range of ideas tolerated in public discourse
PDCA,https://en.m.wikipedia.org/wiki/PDCA,2019-04-18 16:00:14,Q820214,
Paradox of value,https://en.m.wikipedia.org/wiki/Paradox_of_value,2019-05-18 19:09:39,Q915342,
Peak experience,https://en.m.wikipedia.org/wiki/Peak_experience,2016-10-11 11:56:47,Q2351257,
Peter principle,https://en.m.wikipedia.org/wiki/Peter_principle,2018-06-24 22:26:58,Q497359,Concept that people in a hierarchy are promoted until no longer competent
Possession is nine-tenths of the law,https://en.m.wikipedia.org/wiki/Possession_is_nine-tenths_of_the_law,2017-07-25 21:20:09,Q7233403,
Price elasticity of demand,https://en.m.wikipedia.org/wiki/Price_elasticity_of_demand,2017-07-03 17:52:16,Q3194154,
Prisoner's dilemma,https://en.m.wikipedia.org/wiki/Prisoner's_dilemma,2019-01-09 18:33:04,Q41693,Canonical example of a game analyzed in game theory
"Progress, plans, problems","https://en.m.wikipedia.org/wiki/Progress,_plans,_problems",2019-05-06 23:45:06,Q7248526,
Psychological contract,https://en.m.wikipedia.org/wiki/Psychological_contract,2018-11-13 02:50:31,Q1425431,
Quis custodiet ipsos custodes?,https://en.m.wikipedia.org/wiki/Quis_custodiet_ipsos_custodes%3F,2019-05-14 00:26:06,Q2357290,
Reactive programming,https://en.m.wikipedia.org/wiki/Reactive_programming,2017-05-18 09:03:55,Q4354073,
Reid technique,https://en.m.wikipedia.org/wiki/Reid_technique,2017-01-29 09:02:07,Q7310002,
Rubric (academic),https://en.m.wikipedia.org/wiki/Rubric_(academic),2018-06-23 10:27:18,Q847349,Scoring guide for assessment
S'more,https://en.m.wikipedia.org/wiki/S%27more,2019-11-21 19:44:03,Q2339814,
Saltine cracker,https://en.m.wikipedia.org/wiki/Saltine_cracker,2020-04-09 00:21:28,Q15060428,
Scientific management,https://en.m.wikipedia.org/wiki/Scientific_management,2018-11-13 22:05:06,Q203549,Theory of management
Scientism,https://en.m.wikipedia.org/wiki/Scientism,2018-09-24 01:38:52,Q193626,
Self-actualization,https://en.m.wikipedia.org/wiki/Self-actualization,2017-07-29 10:29:20,Q198827,
Semantic satiation,https://en.m.wikipedia.org/wiki/Semantic_satiation,2017-02-10 06:43:57,Q226007,
Silicon Beach,https://en.m.wikipedia.org/wiki/Silicon_Beach,2019-04-13 02:44:42,Q7514938,
Slavoj Žižek,https://en.m.wikipedia.org/wiki/Slavoj_%C5%BDi%C5%BEek,2017-09-11 11:01:46,Q184750,Slovene philosopher
Socratic method,https://en.m.wikipedia.org/wiki/Socratic_method,2017-06-12 06:16:41,Q839475,Type of dialog or debate
Spotlight effect,https://en.m.wikipedia.org/wiki/Spotlight_effect,2019-12-11 05:04:46,Q2312941,
Stable marriage problem,https://en.m.wikipedia.org/wiki/Stable_marriage_problem,2018-07-31 22:52:49,Q620702,
Subset sum problem,https://en.m.wikipedia.org/wiki/Subset_sum_problem,2018-11-17 04:45:44,Q1154420,
Syd Barrett,https://en.m.wikipedia.org/wiki/Syd_Barrett,2016-08-19 12:31:51,Q173061,
Tacit knowledge,https://en.m.wikipedia.org/wiki/Tacit_knowledge,2017-02-09 04:42:11,Q743861,
Teetotalism,https://en.m.wikipedia.org/wiki/Teetotalism,2019-01-10 06:16:30,Q15131448,Abstinence from alcoholic beverages
Terror management theory,https://en.m.wikipedia.org/wiki/Terror_management_theory,2017-05-24 22:10:53,Q1474856,Social and evolutionary psychology theory
The Myth of Sisyphus,https://en.m.wikipedia.org/wiki/The_Myth_of_Sisyphus,2017-06-12 06:20:42,Q1125903,1942 book by Albert Camus
Theory of mind,https://en.m.wikipedia.org/wiki/Theory_of_mind,2017-03-10 05:18:18,Q639219,Ability to attribute mental states to oneself and others
Transference,https://en.m.wikipedia.org/wiki/Transference,2017-09-24 09:09:02,Q334231,
Trolley problem,https://en.m.wikipedia.org/wiki/Trolley_problem,2017-04-08 23:20:38,Q1753199,Thought experiment in ethics
Uncertainty avoidance,https://en.m.wikipedia.org/wiki/Uncertainty_avoidance,2018-11-14 00:28:54,Q15514847,
Universal Darwinism,https://en.m.wikipedia.org/wiki/Universal_Darwinism,2017-06-03 23:09:38,Q7893935,An attempt to expand the application of Darwinian evolutionary theory to other fields
VRIO,https://en.m.wikipedia.org/wiki/VRIO,2018-11-16 01:20:13,Q7907491,
Visual language,https://en.m.wikipedia.org/wiki/Visual_language,2017-05-15 22:20:14,Q1659648,
Wim Hof,https://en.m.wikipedia.org/wiki/Wim_Hof,2019-01-18 16:23:47,Q926482,Dutch extreme athlete
Zeigarnik effect,https://en.m.wikipedia.org/wiki/Zeigarnik_effect,2016-10-15 20:50:09,Q184812,
A Modest Proposal,https://en.wikipedia.org/wiki/A_Modest_Proposal,2018-05-01 02:45:52,Q264143,1729 satirical essay by Jonathan Swift
Cover your ass,https://en.wikipedia.org/wiki/Cover_your_ass,2019-01-05 21:09:19,Q5179210,
Paisa Region,https://en.m.wikipedia.org/wiki/Paisa_Region,2016-02-13 23:23:39,Q4968015,
Learning organization,https://en.m.wikipedia.org/wiki/Learning_organization,2018-11-13 22:28:54,Q1328304,
Malinchism,https://en.m.wikipedia.org/wiki/Malinchism,2019-01-15 02:11:27,Q3282110,
Dialectic,https://en.wikipedia.org/wiki/Dialectic,2018-07-19 12:43:35,Q9453,Discourse method for resolving disagreement by reasoned argument
Divide and rule,https://en.wikipedia.org/wiki/Divide_and_rule,2018-07-14 10:13:45,Q68951,Strategy in politics and sociology
Epistemology,https://en.wikipedia.org/wiki/Epistemology,2019-09-23 04:16:20,Q9471,Branch of philosophy concerned with the nature and scope of knowledge
False economy,https://en.wikipedia.org/wiki/False_economy,2018-02-08 09:13:38,Q2031629,
Giffen good,https://en.wikipedia.org/wiki/Giffen_good,2019-09-19 19:16:09,Q242677,
Hick's law,https://en.wikipedia.org/wiki/Hick%27s_law,2019-09-27 00:48:54,Q910445,
Identity politics,https://en.wikipedia.org/wiki/Identity_politics,2018-09-10 04:21:58,Q2914650,
Lake Lahontan,https://en.wikipedia.org/wiki/Lake_Lahontan,2018-08-18 06:15:39,Q585214,
Land diving,https://en.wikipedia.org/wiki/Land_diving,2018-09-11 02:50:59,Q663714,
Law of triviality,https://en.wikipedia.org/wiki/Law_of_triviality,2018-11-12 00:46:31,Q169899,Focusing on what is irrelevant but easy to understand
Middle Way,https://en.wikipedia.org/wiki/Middle_Way,2019-12-03 08:03:59,Q833475,Buddhist doctrine
Necessity and sufficiency,https://en.wikipedia.org/wiki/Necessity_and_sufficiency,2019-09-19 21:18:22,Q875267,
Negativity bias,https://en.wikipedia.org/wiki/Negativity_bias,2018-10-10 01:39:07,Q16254302,
Osborne effect,https://en.wikipedia.org/wiki/Osborne_effect,2020-02-26 18:47:05,Q2634790,The drop in sales of a company prematurely announcing a future product
Piri piri,https://en.wikipedia.org/wiki/Piri_piri,2018-03-04 06:14:31,Q512580,
Personal fable,https://en.wikipedia.org/wiki/Personal_fable,2019-02-19 00:03:21,Q7170579,
Phrasal verb,https://en.wikipedia.org/wiki/Phrasal_verb,2018-08-14 20:28:15,Q1527589,
Pumpkin ale,https://en.wikipedia.org/wiki/Pumpkin_ale,2018-10-07 03:13:23,Q16878201,Style of beer
Sacred cow (idiom),https://en.wikipedia.org/wiki/Sacred_cow_(idiom),2019-06-20 01:57:52,Q7397334,
Seattle Freeze,https://en.wikipedia.org/wiki/Seattle_Freeze,2018-09-29 04:25:16,Q7442101,"cultural label of Seattle, WA as a place it's hard to make friends"
Sex-positive movement,https://en.wikipedia.org/wiki/Sex-positive_movement,2018-09-19 13:39:41,Q13411011,
"Lotería (juego), la enciclopedia libre",https://es.m.wikipedia.org/wiki/Loter%C3%ADa_(juego),2019-01-29 19:45:29,Q6684664,
Swallow tattoo,https://en.wikipedia.org/wiki/Swallow_tattoo,2018-08-07 11:39:22,Q7653113,
Tamam Shud case,https://en.wikipedia.org/wiki/Tamam_Shud_case,2019-10-08 01:44:56,Q923144,
Technological fix,https://en.wikipedia.org/wiki/Technological_fix,2018-05-22 09:08:35,Q7692525,
Theory of mind,https://en.wikipedia.org/wiki/Theory_of_mind,2018-05-07 10:14:02,Q639219,Ability to attribute mental states to oneself and others
Thomas Crapper,https://en.wikipedia.org/wiki/Thomas_Crapper,2018-09-24 20:23:52,Q2987116,British plumber
BabelNet,https://en.wikipedia.org/wiki/BabelNet,2018-12-10 16:58:29,Q4837690,
Attachment theory,https://en.wikipedia.org/wiki/Attachment_theory,2018-12-08 03:11:25,Q909609,Psychological ethological theory about human relationships
Shavasana,https://en.wikipedia.org/wiki/Shavasana,2018-12-06 05:56:03,Q2019129,relaxed reclining posture in hatha yoga
Autodidacticism,https://en.wikipedia.org/wiki/Autodidacticism,2018-11-24 04:24:03,Q207650,Independent education without the guidance of masters
Power distance,https://en.wikipedia.org/wiki/Power_distance,2018-11-14 04:11:38,Q11900227,strength of social hierarchy
Meisner technique,https://en.wikipedia.org/wiki/Meisner_technique,2018-10-14 01:58:23,Q6810330,
Day of the Programmer,https://en.wikipedia.org/wiki/Day_of_the_Programmer,2019-09-13 17:22:41,Q581718,
Tash Sultana,https://en.wikipedia.org/wiki/Tash_Sultana,2018-09-27 00:01:02,Q27671324,
Bill of sale,https://en.wikipedia.org/wiki/Bill_of_sale,2018-07-23 06:49:15,Q506681,
Mdadm,https://en.wikipedia.org/wiki/Mdadm,2018-06-30 10:33:40,Q286836,
Metcalfe,https://en.wikipedia.org/wiki/Metcalfe,2018-06-19 23:16:34,Q421244,Disambiguation page providing links to topics that could be referred to by the same search term
Triplestore,https://en.wikipedia.org/wiki/Triplestore,2017-08-16 23:42:41,Q3539533,
Partial application,https://en.wikipedia.org/wiki/Partial_application,2016-12-11 02:44:55,Q7140358,
Letter and spirit of the law,https://en.wikipedia.org/wiki/Letter_and_spirit_of_the_law,2018-05-16 07:24:50,Q6533542,Concepts in philosophy of law
Site Reliability Engineering,https://en.wikipedia.org/wiki/Site_Reliability_Engineering,2018-12-17 01:36:39,Q56351687,
Decision theory,https://en.wikipedia.org/wiki/Decision_theory,2017-06-07 02:30:23,Q177571,
Visual thinking,https://en.wikipedia.org/wiki/Visual_thinking,2017-06-01 12:12:50,Q7328862,
Incentive,https://en.wikipedia.org/wiki/Incentive,2017-05-30 08:23:28,Q1414816,
Value engineering,https://en.wikipedia.org/wiki/Value_engineering,2017-05-28 06:59:05,Q1067270,
Folk devil,https://en.wikipedia.org/wiki/Folk_devil,2017-05-28 00:46:57,Q5464460,A person or group of people who are portrayed in folklore or the media as outsiders and deviant
No zuo no die,https://en.wikipedia.org/wiki/No_zuo_no_die,2018-05-01 04:55:07,Q28133948,
Technology adoption life cycle,https://en.wikipedia.org/wiki/Technology_adoption_life_cycle,2017-05-22 01:08:28,Q7692587,
Slavoj Žižek,https://en.wikipedia.org/wiki/Slavoj_%C5%BDi%C5%BEek,2017-05-13 12:44:01,Q184750,Slovene philosopher
Type inference,https://en.wikipedia.org/wiki/Type_inference,2017-05-11 04:32:02,Q586459,
Working memory,https://en.wikipedia.org/wiki/Working_memory,2017-05-11 01:12:55,Q11337567,Cognitive system for temporarily holding information
Set,https://en.wikipedia.org/wiki/Set,2017-05-10 09:06:28,Q235028,Disambiguation page providing links to topics that could be referred to by the same search term
Shuhari,https://en.wikipedia.org/wiki/Shuhari,2016-11-16 02:24:53,Q2915391,
Nag Champa,https://en.wikipedia.org/wiki/Nag_Champa,2018-09-29 07:17:28,Q899767,
Valence effect,https://en.wikipedia.org/wiki/Valence_effect,2017-04-20 23:00:12,Q7910633,
Why–because analysis,https://en.wikipedia.org/wiki/Why%E2%80%93because_analysis,2016-05-04 04:34:27,Q7997953,
Coordinate system,https://en.wikipedia.org/wiki/Coordinate_system,2017-05-11 11:12:15,Q11210,System for determining the position of a point by a tuple of scalars
Genetic fallacy,https://en.wikipedia.org/wiki/Genetic_fallacy,2018-04-05 01:03:49,Q1202868,
Doppelganger Week,https://en.wikipedia.org/wiki/Doppelganger_Week,2018-03-07 08:03:51,Q4139004,
Active imagination,https://en.wikipedia.org/wiki/Active_imagination,2018-03-04 06:18:02,Q935990,
Post hoc ergo propter hoc,https://en.wikipedia.org/wiki/Post_hoc_ergo_propter_hoc,2017-04-10 12:11:29,Q732404,Fallacy of assumption of causality based on sequence of events
Thomas Hobbes,https://en.wikipedia.org/wiki/Thomas_Hobbes,2017-03-28 10:28:53,Q37621,17th-century English philosopher
White flight,https://en.wikipedia.org/wiki/White_flight,2017-03-27 11:57:15,Q2989605,
Neoliberalism,https://en.wikipedia.org/wiki/Neoliberalism,2017-03-27 11:56:02,Q162719,Political philosophy that supports economic liberalization
Crony capitalism,https://en.wikipedia.org/wiki/Crony_capitalism,2018-01-29 08:23:52,Q2937479,
Effective altruism,https://en.wikipedia.org/wiki/Effective_altruism,2018-01-25 23:52:40,Q13489381,Philosophy and social movement that applies evidence and reason to determine the most effective ways to benefit others
Not invented here,https://en.wikipedia.org/wiki/Not_invented_here,2016-06-17 09:25:02,Q1782368,
Syd Mead,https://en.wikipedia.org/wiki/Syd_Mead,2017-03-06 11:51:34,Q940474,American concept artist
Social stratification,https://en.wikipedia.org/wiki/Social_stratification,2017-02-28 12:22:14,Q841628,population with similar characteristics in a society
Disinformation,https://en.wikipedia.org/wiki/Disinformation,2017-02-24 00:10:35,Q189656,False information spread deliberately to deceive
Psychometrics,https://en.wikipedia.org/wiki/Psychometrics,2017-02-24 00:08:38,Q506132,theory and technique of psychological measurement
Numeral system,https://en.wikipedia.org/wiki/Numeral_system,2017-11-02 05:57:48,Q122653,Notation for expressing numbers
Magic Quadrant,https://en.wikipedia.org/wiki/Magic_Quadrant,2015-09-02 23:12:55,Q17157268,
Abstract syntax tree,https://en.wikipedia.org/wiki/Abstract_syntax_tree,2015-08-04 22:52:29,Q127380,
Constructive dismissal,https://en.wikipedia.org/wiki/Constructive_dismissal,2016-05-19 11:42:06,Q429010,
Single point of failure,https://en.wikipedia.org/wiki/Single_point_of_failure,2016-05-04 03:59:54,Q1363179,"A part of a system that, if it fails, will stop the entire system from working"
Pushd and popd,https://en.wikipedia.org/wiki/Pushd_and_popd,2016-04-29 11:07:33,Q7261779,
Gossip protocol,https://en.wikipedia.org/wiki/Gossip_protocol,2016-03-25 08:30:53,Q5587504,
Category theory,https://en.wikipedia.org/wiki/Category_theory,2016-01-14 05:42:27,Q217413,Branch of mathematics
Stilyagi,https://en.wikipedia.org/wiki/Stilyagi,2016-01-12 10:20:33,Q4442617,
Optimistic concurrency control,https://en.wikipedia.org/wiki/Optimistic_concurrency_control,2016-08-09 04:13:37,Q1779327,
Processing fluency,https://en.wikipedia.org/wiki/Processing_fluency,2016-07-25 00:57:10,Q1530468,
Dagen H,https://en.wikipedia.org/wiki/Dagen_H,2016-07-03 22:32:27,Q376921,
Dancing mania,https://en.wikipedia.org/wiki/Dancing_mania,2016-06-19 03:39:14,Q2140711,
Conflict,https://en.wikipedia.org/wiki/Conflict_,2017-10-14 22:36:34,Q400889,Disambiguation page providing links to topics that could be referred to by the same search term
Epistemology,https://en.wikipedia.org/wiki/Epistemology,2017-10-01 02:22:29,Q9471,Branch of philosophy concerned with the nature and scope of knowledge
Decision model,https://en.wikipedia.org/wiki/Decision_model,2017-08-16 21:39:45,Q5249242,
Community of practice,https://en.wikipedia.org/wiki/Community_of_practice,2017-08-08 04:29:56,Q936635,
Attribution bias,https://en.wikipedia.org/wiki/Attribution_bias,2017-08-08 03:19:13,Q849538,The systematic errors made when people evaluate their own and others' behaviors
PDCA,https://en.wikipedia.org/wiki/PDCA,2017-08-07 04:12:33,Q820214,
Literate programming,https://en.wikipedia.org/wiki/Literate_programming,2017-06-11 09:31:04,Q607703,
Synaptic pruning,https://en.wikipedia.org/wiki/Synaptic_pruning,2017-06-10 23:16:23,Q2124069,Process of synapse elimination that occurs between early childhood and the onset of puberty
Systems theory,https://en.wikipedia.org/wiki/Systems_theory,2016-12-08 19:48:52,Q269699,Interdisciplinary study of systems
Social proof,https://en.wikipedia.org/wiki/Social_proof,2017-01-21 05:34:32,Q2993355,
Ben Franklin effect,https://en.wikipedia.org/wiki/Ben_Franklin_effect,2017-01-16 22:52:41,Q4885677,
Mortality salience,https://en.wikipedia.org/wiki/Mortality_salience,2017-01-15 23:50:51,Q3072626,
Mortality salience,https://en.wikipedia.org/wiki/Mortality_salience,2017-01-15 23:50:51,Q3072626,
Lovecraftian horror,https://en.wikipedia.org/wiki/Lovecraftian_horror,2017-01-11 20:47:17,Q2448865,
Status quo bias,https://en.wikipedia.org/wiki/Status_quo_bias,2016-12-20 10:59:59,Q29598,
Flow,https://en.wikipedia.org/wiki/Flow_,2016-12-10 23:04:10,Q8961886,Disambiguation page providing links to topics that could be referred to by the same search term
Unit testing,https://en.wikipedia.org/wiki/Unit_testing,2016-11-20 23:11:25,Q907375,Software testing method by which individual units of source code are validated
Presumption of innocent,https://en.wikipedia.org/wiki/List_of_legal_Latin_terms,2017-11-26 22:47:57,Q59583297,
Dying and rising god (mono myth),https://en.wikipedia.org/wiki/Dying,2016-07-20 09:31:01,Q642405,
Gaslighting,https://en.wikipedia.org/wiki/Mental_abuse,2016-07-06 21:07:49,Q1225041,
The Magical Number Seven,https://en.wikipedia.org/wiki/The_Magical_Number_Seven,2016-12-20 10:44:05,Q30053794,
Two Sided Network,https://en.wikipedia.org/wiki/Two,2016-12-01 12:13:48,Q2031007,
Cognitive dissonance,https://en.m.wikipedia.org/wiki/Cognitive_dissonance,2017-09-02 22:54:05,Q209722,"Psychological stress experienced by an individual who holds two or more contradictory beliefs, ideas, or values at the same time"
Curse of knowledge,https://en.m.wikipedia.org/wiki/Curse_of_knowledge,2017-03-10 05:17:33,Q2901014,Cognitive bias of assuming that others have the same background to understand
Dreyfus model of skill acquisition,https://en.m.wikipedia.org/wiki/Dreyfus_model_of_skill_acquisition,2017-09-26 11:44:18,Q5307365,
Epigenetics,https://en.m.wikipedia.org/wiki/Epigenetics,2017-08-29 23:50:49,Q26939,study of heritable DNA and histone modifications that affect the expression of a gene without a change in its nucleotide sequence.
FIDO Alliance,https://en.m.wikipedia.org/wiki/FIDO_Alliance,2016-10-03 10:55:42,Q15731702,Industry consortium working on authentication mechanisms
Fashion forecasting,https://en.m.wikipedia.org/wiki/Fashion_forecasting,2016-10-16 00:23:41,Q5436769,
German Question,https://en.m.wikipedia.org/wiki/German_Question,2019-02-09 14:36:26,Q13522713,Mid-19th century debate about unification of Germany
Hemingway Special,https://en.m.wikipedia.org/wiki/Hemingway_Special,2019-04-19 04:57:03,Q26879521,"Cocktail made of rum, maraschino, grapefruit juice, and lime juice"
Implementation intention,https://en.m.wikipedia.org/wiki/Implementation_intention,2016-10-11 11:55:27,Q1364123,
Jonah complex,https://en.m.wikipedia.org/wiki/Jonah_complex,2018-05-04 15:29:32,Q11741965,
Knowledge gap hypothesis,https://en.m.wikipedia.org/wiki/Knowledge_gap_hypothesis,2017-04-18 22:20:24,Q1481327,
Positive psychology,https://en.m.wikipedia.org/wiki/Positive_psychology,2016-12-04 21:45:31,Q718809,Scientific study of the positive aspects of the human experience that make life worth living
Reactance (psychology),https://en.m.wikipedia.org/wiki/Reactance_(psychology),2018-05-17 06:49:59,Q746935,unpleasant emotion experienced when behavioral freedom is threatened
Self-knowledge (psychology),https://en.m.wikipedia.org/wiki/Self-knowledge_(psychology),2017-07-04 22:59:38,Q1527275,
Stanford marshmallow experiment,https://en.m.wikipedia.org/wiki/Stanford_marshmallow_experiment,2016-08-31 10:46:55,Q1523836,Study on delayed gratification by psychologist Walter Mischel
The Emperor's New Clothes,https://en.m.wikipedia.org/wiki/The_Emperor's_New_Clothes,2019-06-23 13:13:18,Q11866,Fairytale by Hans Christian Andersen
Tuckman's stages of group development,https://en.m.wikipedia.org/wiki/Tuckman%27s_stages_of_group_development,2019-01-31 21:44:27,Q1393955,
Web standards,https://en.m.wikipedia.org/wiki/Web_standards,2017-06-19 14:20:20,Q1153289,Technical standard
Champurrado,https://en.wikipedia.org/wiki/Champurrado,2019-05-14 05:35:32,Q2955932,Mexican chocolate beverage
Damerau–Levenshtein distance,https://en.wikipedia.org/wiki/Damerau%E2%80%93Levenshtein_distance,2018-02-03 21:25:52,Q2657425,
Latinx,https://en.wikipedia.org/wiki/Latinx,2020-05-07 14:13:26,Q30324002,U.S. gender-neutral term for people of Latin American heritage
Max Müller,https://en.wikipedia.org/wiki/Max_M%C3%BCller,2018-08-24 21:18:57,Q55068911,German-born philologist and orientalist
P versus NP problem,https://en.wikipedia.org/wiki/P_versus_NP_problem,2018-03-04 06:15:09,Q746242,Unsolved problem in computer science
Sacred geometry,https://en.wikipedia.org/wiki/Sacred_geometry,2018-09-21 07:03:28,Q583915,Symbolic and sacred meanings ascibed to certain geometric shapes
The Third Wave (experiment),https://en.wikipedia.org/wiki/The_Third_Wave_(experiment),2018-07-13 02:56:52,Q1059204,
Nicene Creed,https://en.wikipedia.org/wiki/Nicene_Creed,2018-12-11 16:34:53,Q207937,Statement of belief adopted at the First Ecumenical Council in 325
Enneagram of Personality,https://en.wikipedia.org/wiki/Enneagram_of_Personality,2018-11-26 05:28:40,Q273047,Of Oscar Ichazo and Claudio Naranjo
Kano model,https://en.wikipedia.org/wiki/Kano_model,2018-06-06 23:01:38,Q1068173,
Mean time between failures,https://en.wikipedia.org/wiki/Mean_time_between_failures,2017-05-11 01:08:42,Q754940,
Growth hacking,https://en.wikipedia.org/wiki/Growth_hacking,2018-05-01 22:51:04,Q15896029,
Scientific method,https://en.wikipedia.org/wiki/Scientific_method,2017-05-11 01:22:05,Q46857,"Interplay between observation, experiment and theory in science"
Theory of constraints,https://en.wikipedia.org/wiki/Theory_of_constraints,2017-04-26 04:50:21,Q956095,
Mental model,https://en.wikipedia.org/wiki/Mental_model,2017-04-24 08:41:27,Q1851867,Explanation of someone's thought process about how something works in the real world
Classical test theory,https://en.wikipedia.org/wiki/Classical_test_theory,2018-03-04 06:18:50,Q389391,
Absurdism,https://en.wikipedia.org/wiki/Absurdism,2017-04-17 05:48:23,Q333625,"Conflict between the human tendency to seek inherent value and meaning in life and the human inability to find any in a purposeless, meaningless or chaotic and irrational universe"
Populism,https://en.wikipedia.org/wiki/Populism,2018-01-29 08:27:09,Q180490,"Political philosophy that supports needs and desires of ""the people"" over those of ""the powerful."""
Anti,https://en.wikipedia.org/wiki/Anti,2017-12-01 08:21:31,Q346504,Disambiguation page providing links to topics that could be referred to by the same search term
Big Five personality traits,https://en.wikipedia.org/wiki/Big_Five_personality_traits,2017-02-24 00:09:08,Q378132,Personality model consisting of five broad dimensions of personality
2 + 2 = 5,https://en.wikipedia.org/wiki/2_%2B_2_%3D_5,2016-11-10 03:08:14,Q1097227,Example of Party logic presented in Nineteen Eighty-Four
Project Cybersyn,https://en.wikipedia.org/wiki/Project_Cybersyn,2016-11-02 23:36:58,Q1147211,Chilean economic project
Tab stop,https://en.wikipedia.org/wiki/Tab_stop,2016-10-31 08:42:01,Q3515540,
Hyman Minsky,https://en.wikipedia.org/wiki/Hyman_Minsky,2016-10-25 20:55:36,Q704076,
Conway's law,https://en.wikipedia.org/wiki/Conway%27s_law,2016-10-20 02:06:25,Q1518855,Adage stating that organizations design systems that mirror their own communication structure
Electronic data interchange,https://en.wikipedia.org/wiki/Electronic_data_interchange,2016-10-14 13:47:55,Q690189,
Fractional Reserve Banking,https://en.wikipedia.org/wiki/Fractional,2016-10-31 10:50:24,Q123642,
Allegory of the Cave,http://en.m.wikipedia.org/wiki/Allegory_of_the_Cave,2015-03-18 13:19:16,Q22738,
Law of thought,https://en.m.wikipedia.org/wiki/Law_of_thought#The_three_traditional_laws,2017-06-12 07:00:12,Q1187945,
List,https://en.wikipedia.org/wiki/List_,2015-08-04 22:57:45,Q162032,Disambiguation page providing links to topics that could be referred to by the same search term
Bus factor,https://en.wikipedia.org/wiki/Bus_factor,2016-05-04 03:58:59,Q1812883,A measurement of the risk of losing key technical experts
Volstead Act,https://en.wikipedia.org/wiki/Volstead_Act,2016-01-12 10:17:26,Q1613068,An act to prohibit intoxicating beverages in the USA
Reciprocity,https://en.wikipedia.org/wiki/Reciprocity_,2017-09-12 20:54:32,Q1350049,Disambiguation page providing links to topics that could be referred to by the same search term
Determinism,https://en.wikipedia.org/wiki/Determinism,2017-09-03 23:45:54,Q131133,The philosophical belief that all events are determined completely by previously existing causes
Social democracy,https://en.wikipedia.org/wiki/Social_democracy,2017-06-12 09:53:41,Q121254,political ideology within the socialist movement
Critical thinking,https://en.wikipedia.org/wiki/Critical_thinking,2017-06-07 02:41:24,Q843894,The analysis of facts to form a judgment
SOLID,https://en.wikipedia.org/wiki/SOLID,2016-12-21 05:26:49,Q2583627,Object-oriented programming design principles
Flynn effect,https://en.wikipedia.org/wiki/Flynn_effect,2016-11-28 08:49:59,Q508736,20th century rise in overall human intelligence
First,https://en.wikipedia.org/wiki/First,2016-11-08 11:03:17,Q351401,Disambiguation page providing links to topics that could be referred to by the same search term
Data mapping,https://en.wikipedia.org/wiki/Data_mapping,2016-10-14 14:03:30,Q2330408,
